date,meal_type,menu_item,meals_prepared,meals_served,food_waste_kg,temperature,holiday,event,expected_customers
2026-07-01,Lunch,Rice,320,303,3.28,28.2,0,1,345
2026-07-01,Lunch,Dal,327,283,9.31,28.2,0,1,345
2026-07-01,Lunch,Roti,247,230,3.67,28.2,0,1,345
2026-07-01,Lunch,Vegetable Curry,220,195,4.54,28.2,0,1,345
2026-07-01,Lunch,Chicken Curry,162,142,3.72,28.2,0,1,345
2026-07-01,Dinner,Rice,328,297,5.83,28.2,0,1,345
2026-07-01,Dinner,Dal,341,316,4.89,28.2,0,1,345
2026-07-01,Dinner,Roti,320,303,3.6,28.2,0,1,345
2026-07-01,Dinner,Vegetable Curry,193,183,2.19,28.2,0,1,345
2026-07-01,Dinner,Chicken Curry,172,162,2.47,28.2,0,1,345
2026-07-02,Lunch,Rice,189,173,2.59,24.9,0,0,178
2026-07-02,Lunch,Dal,195,181,3.4,24.9,0,0,178
2026-07-02,Lunch,Roti,141,133,1.69,24.9,0,0,178
2026-07-02,Lunch,Vegetable Curry,104,96,0.81,24.9,0,0,178
2026-07-02,Lunch,Chicken Curry,91,84,1.93,24.9,0,0,178
2026-07-02,Dinner,Rice,166,142,4.87,24.9,0,0,178
2026-07-02,Dinner,Dal,138,132,1.51,24.9,0,0,178
2026-07-02,Dinner,Roti,151,131,4.44,24.9,0,0,178
2026-07-02,Dinner,Vegetable Curry,114,97,3.25,24.9,0,0,178
2026-07-02,Dinner,Chicken Curry,79,75,1.35,24.9,0,0,178
2026-07-03,Lunch,Rice,215,202,3.1,29.1,0,0,227
2026-07-03,Lunch,Dal,225,199,5.6,29.1,0,0,227
2026-07-03,Lunch,Roti,178,158,4.78,29.1,0,0,227
2026-07-03,Lunch,Vegetable Curry,138,130,1.57,29.1,0,0,227
2026-07-03,Lunch,Chicken Curry,125,114,2.05,29.1,0,0,227
2026-07-03,Dinner,Rice,241,222,3.81,29.1,0,0,227
2026-07-03,Dinner,Dal,225,208,3.14,29.1,0,0,227
2026-07-03,Dinner,Roti,166,155,1.99,29.1,0,0,227
2026-07-03,Dinner,Vegetable Curry,173,148,5.16,29.1,0,0,227
2026-07-03,Dinner,Chicken Curry,152,129,4.69,29.1,0,0,227
2026-07-04,Lunch,Rice,56,48,1.45,23.7,0,0,48
2026-07-04,Lunch,Dal,42,38,0.68,23.7,0,0,48
2026-07-04,Lunch,Roti,35,32,0.46,23.7,0,0,48
2026-07-04,Lunch,Vegetable Curry,31,28,0.8,23.7,0,0,48
2026-07-04,Lunch,Chicken Curry,25,21,1.5,23.7,0,0,48
2026-07-04,Dinner,Rice,37,34,0.59,23.7,0,0,48
2026-07-04,Dinner,Dal,42,38,0.58,23.7,0,0,48
2026-07-04,Dinner,Roti,34,32,0.55,23.7,0,0,48
2026-07-04,Dinner,Vegetable Curry,31,29,0.4,23.7,0,0,48
2026-07-04,Dinner,Chicken Curry,28,26,0.78,23.7,0,0,48
2026-07-05,Lunch,Rice,42,40,1.5,32.0,0,0,42
2026-07-05,Lunch,Dal,33,31,0.86,32.0,0,0,42
2026-07-05,Lunch,Roti,33,29,0.55,32.0,0,0,42
2026-07-05,Lunch,Vegetable Curry,27,25,0.22,32.0,0,0,42
2026-07-05,Lunch,Chicken Curry,20,18,0.64,32.0,0,0,42
2026-07-05,Dinner,Rice,42,40,0.32,32.0,0,0,42
2026-07-05,Dinner,Dal,35,30,0.84,32.0,0,0,42
2026-07-05,Dinner,Roti,32,28,1.08,32.0,0,0,42
2026-07-05,Dinner,Vegetable Curry,28,25,1.25,32.0,0,0,42
2026-07-05,Dinner,Chicken Curry,23,20,0.5,32.0,0,0,42
2026-07-06,Lunch,Rice,192,163,5.95,18.8,0,0,173
2026-07-06,Lunch,Dal,155,146,2.41,18.8,0,0,173
2026-07-06,Lunch,Roti,130,124,0.84,18.8,0,0,173
2026-07-06,Lunch,Vegetable Curry,121,105,2.59,18.8,0,0,173
2026-07-06,Lunch,Chicken Curry,87,76,2.53,18.8,0,0,173
2026-07-06,Dinner,Rice,167,144,4.03,18.8,0,0,173
2026-07-06,Dinner,Dal,173,151,4.61,18.8,0,0,173
2026-07-06,Dinner,Roti,121,110,2.27,18.8,0,0,173
2026-07-06,Dinner,Vegetable Curry,112,94,3.19,18.8,0,0,173
2026-07-06,Dinner,Chicken Curry,107,94,2.48,18.8,0,0,173
2026-07-07,Lunch,Rice,264,242,3.97,23.7,0,0,254
2026-07-07,Lunch,Dal,219,204,2.93,23.7,0,0,254
2026-07-07,Lunch,Roti,182,173,2.16,23.7,0,0,254
2026-07-07,Lunch,Vegetable Curry,179,150,6.17,23.7,0,0,254
2026-07-07,Lunch,Chicken Curry,136,116,3.24,23.7,0,0,254
2026-07-07,Dinner,Rice,234,207,5.14,23.7,0,0,254
2026-07-07,Dinner,Dal,233,206,5.59,23.7,0,0,254
2026-07-07,Dinner,Roti,216,181,6.6,23.7,0,0,254
2026-07-07,Dinner,Vegetable Curry,180,153,4.83,23.7,0,0,254
2026-07-07,Dinner,Chicken Curry,159,138,4.73,23.7,0,0,254
2026-07-08,Lunch,Rice,231,198,8.53,27.6,0,0,210
2026-07-08,Lunch,Dal,222,190,6.89,27.6,0,0,210
2026-07-08,Lunch,Roti,157,142,3.38,27.6,0,0,210
2026-07-08,Lunch,Vegetable Curry,135,128,0.97,27.6,0,0,210
2026-07-08,Lunch,Chicken Curry,140,129,1.27,27.6,0,0,210
2026-07-08,Dinner,Rice,191,181,2.04,27.6,0,0,210
2026-07-08,Dinner,Dal,171,160,2.74,27.6,0,0,210
2026-07-08,Dinner,Roti,182,169,2.66,27.6,0,0,210
2026-07-08,Dinner,Vegetable Curry,122,116,1.31,27.6,0,0,210
2026-07-08,Dinner,Chicken Curry,148,130,4.52,27.6,0,0,210
2026-07-09,Lunch,Rice,285,256,6.23,14.9,0,1,305
2026-07-09,Lunch,Dal,242,225,4.23,14.9,0,1,305
2026-07-09,Lunch,Roti,229,203,4.87,14.9,0,1,305
2026-07-09,Lunch,Vegetable Curry,218,200,4.23,14.9,0,1,305
2026-07-09,Lunch,Chicken Curry,204,184,4.52,14.9,0,1,305
2026-07-09,Dinner,Rice,295,254,7.56,14.9,0,1,305
2026-07-09,Dinner,Dal,284,254,6.39,14.9,0,1,305
2026-07-09,Dinner,Roti,238,213,4.53,14.9,0,1,305
2026-07-09,Dinner,Vegetable Curry,197,178,3.18,14.9,0,1,305
2026-07-09,Dinner,Chicken Curry,185,176,2.46,14.9,0,1,305
2026-07-10,Lunch,Rice,171,162,2.03,30.8,0,0,200
2026-07-10,Lunch,Dal,177,156,4.23,30.8,0,0,200
2026-07-10,Lunch,Roti,156,141,3.33,30.8,0,0,200
2026-07-10,Lunch,Vegetable Curry,126,112,3.86,30.8,0,0,200
2026-07-10,Lunch,Chicken Curry,117,98,4.09,30.8,0,0,200
2026-07-10,Dinner,Rice,187,171,3.3,30.8,0,0,200
2026-07-10,Dinner,Dal,160,150,2.42,30.8,0,0,200
2026-07-10,Dinner,Roti,180,153,6.13,30.8,0,0,200
2026-07-10,Dinner,Vegetable Curry,140,129,2.51,30.8,0,0,200
2026-07-10,Dinner,Chicken Curry,122,105,3.04,30.8,0,0,200
2026-07-11,Lunch,Rice,64,54,2.58,16.1,0,1,65
2026-07-11,Lunch,Dal,58,50,2.15,16.1,0,1,65
2026-07-11,Lunch,Roti,50,43,1.53,16.1,0,1,65
2026-07-11,Lunch,Vegetable Curry,48,44,0.81,16.1,0,1,65
2026-07-11,Lunch,Chicken Curry,32,31,0.63,16.1,0,1,65
2026-07-11,Dinner,Rice,71,60,2.13,16.1,0,1,65
2026-07-11,Dinner,Dal,68,61,1.93,16.1,0,1,65
2026-07-11,Dinner,Roti,46,40,0.59,16.1,0,1,65
2026-07-11,Dinner,Vegetable Curry,49,42,1.73,16.1,0,1,65
2026-07-11,Dinner,Chicken Curry,33,32,0.0,16.1,0,1,65
2026-07-12,Lunch,Rice,42,40,0.24,29.9,0,0,49
2026-07-12,Lunch,Dal,43,41,1.08,29.9,0,0,49
2026-07-12,Lunch,Roti,37,35,0.15,29.9,0,0,49
2026-07-12,Lunch,Vegetable Curry,32,31,0.64,29.9,0,0,49
2026-07-12,Lunch,Chicken Curry,23,20,0.0,29.9,0,0,49
2026-07-12,Dinner,Rice,43,41,1.08,29.9,0,0,49
2026-07-12,Dinner,Dal,44,40,1.54,29.9,0,0,49
2026-07-12,Dinner,Roti,36,33,0.6,29.9,0,0,49
2026-07-12,Dinner,Vegetable Curry,34,30,0.39,29.9,0,0,49
2026-07-12,Dinner,Chicken Curry,27,25,0.44,29.9,0,0,49
2026-07-13,Lunch,Rice,216,181,6.61,26.1,0,0,200
2026-07-13,Lunch,Dal,226,196,6.2,26.1,0,0,200
2026-07-13,Lunch,Roti,193,170,4.22,26.1,0,0,200
2026-07-13,Lunch,Vegetable Curry,134,118,3.69,26.1,0,0,200
2026-07-13,Lunch,Chicken Curry,101,91,1.7,26.1,0,0,200
2026-07-13,Dinner,Rice,210,198,1.49,26.1,0,0,200
2026-07-13,Dinner,Dal,180,165,3.94,26.1,0,0,200
2026-07-13,Dinner,Roti,157,147,2.49,26.1,0,0,200
2026-07-13,Dinner,Vegetable Curry,123,104,4.72,26.1,0,0,200
2026-07-13,Dinner,Chicken Curry,115,99,3.06,26.1,0,0,200
2026-07-14,Lunch,Rice,66,60,1.82,16.4,1,0,68
2026-07-14,Lunch,Dal,62,53,1.77,16.4,1,0,68
2026-07-14,Lunch,Roti,54,47,1.42,16.4,1,0,68
2026-07-14,Lunch,Vegetable Curry,41,39,0.0,16.4,1,0,68
2026-07-14,Lunch,Chicken Curry,36,34,0.66,16.4,1,0,68
2026-07-14,Dinner,Rice,73,67,1.97,16.4,1,0,68
2026-07-14,Dinner,Dal,63,56,1.03,16.4,1,0,68
2026-07-14,Dinner,Roti,56,48,2.38,16.4,1,0,68
2026-07-14,Dinner,Vegetable Curry,57,49,2.48,16.4,1,0,68
2026-07-14,Dinner,Chicken Curry,31,30,0.07,16.4,1,0,68
2026-07-15,Lunch,Rice,233,211,3.52,20.2,0,0,213
2026-07-15,Lunch,Dal,203,185,3.53,20.2,0,0,213
2026-07-15,Lunch,Roti,189,171,3.64,20.2,0,0,213
2026-07-15,Lunch,Vegetable Curry,166,140,5.37,20.2,0,0,213
2026-07-15,Lunch,Chicken Curry,98,88,1.97,20.2,0,0,213
2026-07-15,Dinner,Rice,209,191,3.8,20.2,0,0,213
2026-07-15,Dinner,Dal,157,148,2.13,20.2,0,0,213
2026-07-15,Dinner,Roti,145,132,2.84,20.2,0,0,213
2026-07-15,Dinner,Vegetable Curry,144,126,4.08,20.2,0,0,213
2026-07-15,Dinner,Chicken Curry,106,101,0.76,20.2,0,0,213
2026-07-16,Lunch,Rice,171,152,3.2,24.5,0,0,179
2026-07-16,Lunch,Dal,164,141,4.62,24.5,0,0,179
2026-07-16,Lunch,Roti,137,116,4.31,24.5,0,0,179
2026-07-16,Lunch,Vegetable Curry,134,116,3.29,24.5,0,0,179
2026-07-16,Lunch,Chicken Curry,92,84,1.31,24.5,0,0,179
2026-07-16,Dinner,Rice,219,199,3.84,24.5,0,0,179
2026-07-16,Dinner,Dal,175,166,1.68,24.5,0,0,179
2026-07-16,Dinner,Roti,159,135,4.31,24.5,0,0,179
2026-07-16,Dinner,Vegetable Curry,149,140,2.36,24.5,0,0,179
2026-07-16,Dinner,Chicken Curry,111,103,0.37,24.5,0,0,179
2026-07-17,Lunch,Rice,218,187,6.64,21.8,0,0,178
2026-07-17,Lunch,Dal,145,129,3.2,21.8,0,0,178
2026-07-17,Lunch,Roti,159,143,3.47,21.8,0,0,178
2026-07-17,Lunch,Vegetable Curry,112,102,1.67,21.8,0,0,178
2026-07-17,Lunch,Chicken Curry,107,97,2.95,21.8,0,0,178
2026-07-17,Dinner,Rice,173,160,2.66,21.8,0,0,178
2026-07-17,Dinner,Dal,143,133,1.76,21.8,0,0,178
2026-07-17,Dinner,Roti,135,114,3.93,21.8,0,0,178
2026-07-17,Dinner,Vegetable Curry,118,107,1.78,21.8,0,0,178
2026-07-17,Dinner,Chicken Curry,108,92,3.16,21.8,0,0,178
2026-07-18,Lunch,Rice,49,44,1.1,21.4,0,0,47
2026-07-18,Lunch,Dal,36,31,1.27,21.4,0,0,47
2026-07-18,Lunch,Roti,34,31,0.1,21.4,0,0,47
2026-07-18,Lunch,Vegetable Curry,24,23,0.22,21.4,0,0,47
2026-07-18,Lunch,Chicken Curry,21,19,0.8,21.4,0,0,47
2026-07-18,Dinner,Rice,47,42,0.39,21.4,0,0,47
2026-07-18,Dinner,Dal,39,37,0.2,21.4,0,0,47
2026-07-18,Dinner,Roti,39,36,0.31,21.4,0,0,47
2026-07-18,Dinner,Vegetable Curry,35,31,1.19,21.4,0,0,47
2026-07-18,Dinner,Chicken Curry,18,17,0.0,21.4,0,0,47
2026-07-19,Lunch,Rice,71,63,1.52,26.9,0,1,70
2026-07-19,Lunch,Dal,64,55,1.86,26.9,0,1,70
2026-07-19,Lunch,Roti,49,46,0.38,26.9,0,1,70
2026-07-19,Lunch,Vegetable Curry,49,44,1.52,26.9,0,1,70
2026-07-19,Lunch,Chicken Curry,42,38,0.64,26.9,0,1,70
2026-07-19,Dinner,Rice,67,61,1.85,26.9,0,1,70
2026-07-19,Dinner,Dal,52,45,1.22,26.9,0,1,70
2026-07-19,Dinner,Roti,48,41,1.41,26.9,0,1,70
2026-07-19,Dinner,Vegetable Curry,53,45,0.49,26.9,0,1,70
2026-07-19,Dinner,Chicken Curry,36,31,1.14,26.9,0,1,70
2026-07-20,Lunch,Rice,215,182,7.74,26.7,0,0,191
2026-07-20,Lunch,Dal,159,145,3.0,26.7,0,0,191
2026-07-20,Lunch,Roti,151,144,0.97,26.7,0,0,191
2026-07-20,Lunch,Vegetable Curry,154,131,4.8,26.7,0,0,191
2026-07-20,Lunch,Chicken Curry,111,105,0.94,26.7,0,0,191
2026-07-20,Dinner,Rice,208,194,2.58,26.7,0,0,191
2026-07-20,Dinner,Dal,189,164,4.54,26.7,0,0,191
2026-07-20,Dinner,Roti,171,152,4.3,26.7,0,0,191
2026-07-20,Dinner,Vegetable Curry,113,105,0.98,26.7,0,0,191
2026-07-20,Dinner,Chicken Curry,107,97,2.42,26.7,0,0,191
2026-07-21,Lunch,Rice,312,297,3.06,26.4,0,1,266
2026-07-21,Lunch,Dal,297,250,9.7,26.4,0,1,266
2026-07-21,Lunch,Roti,194,171,4.84,26.4,0,1,266
2026-07-21,Lunch,Vegetable Curry,160,138,5.34,26.4,0,1,266
2026-07-21,Lunch,Chicken Curry,142,119,4.54,26.4,0,1,266
2026-07-21,Dinner,Rice,332,300,6.66,26.4,0,1,266
2026-07-21,Dinner,Dal,244,209,6.79,26.4,0,1,266
2026-07-21,Dinner,Roti,239,202,6.24,26.4,0,1,266
2026-07-21,Dinner,Vegetable Curry,161,139,3.75,26.4,0,1,266
2026-07-21,Dinner,Chicken Curry,126,113,2.47,26.4,0,1,266
2026-07-22,Lunch,Rice,197,174,4.95,11.5,0,0,198
2026-07-22,Lunch,Dal,169,142,5.66,11.5,0,0,198
2026-07-22,Lunch,Roti,142,134,1.05,11.5,0,0,198
2026-07-22,Lunch,Vegetable Curry,134,118,3.28,11.5,0,0,198
2026-07-22,Lunch,Chicken Curry,107,99,1.59,11.5,0,0,198
2026-07-22,Dinner,Rice,189,176,2.68,11.5,0,0,198
2026-07-22,Dinner,Dal,178,157,3.93,11.5,0,0,198
2026-07-22,Dinner,Roti,175,157,2.27,11.5,0,0,198
2026-07-22,Dinner,Vegetable Curry,142,133,0.76,11.5,0,0,198
2026-07-22,Dinner,Chicken Curry,120,101,3.67,11.5,0,0,198
2026-07-23,Lunch,Rice,243,231,3.04,19.4,0,0,235
2026-07-23,Lunch,Dal,200,174,4.84,19.4,0,0,235
2026-07-23,Lunch,Roti,177,155,4.64,19.4,0,0,235
2026-07-23,Lunch,Vegetable Curry,147,136,2.09,19.4,0,0,235
2026-07-23,Lunch,Chicken Curry,146,125,4.42,19.4,0,0,235
2026-07-23,Dinner,Rice,265,246,3.3,19.4,0,0,235
2026-07-23,Dinner,Dal,209,199,1.85,19.4,0,0,235
2026-07-23,Dinner,Roti,162,137,5.88,19.4,0,0,235
2026-07-23,Dinner,Vegetable Curry,144,133,2.72,19.4,0,0,235
2026-07-23,Dinner,Chicken Curry,143,132,1.32,19.4,0,0,235
2026-07-24,Lunch,Rice,249,214,6.95,14.6,0,0,233
2026-07-24,Lunch,Dal,238,204,6.78,14.6,0,0,233
2026-07-24,Lunch,Roti,171,157,2.77,14.6,0,0,233
2026-07-24,Lunch,Vegetable Curry,183,169,3.14,14.6,0,0,233
2026-07-24,Lunch,Chicken Curry,141,118,4.51,14.6,0,0,233
2026-07-24,Dinner,Rice,198,182,3.25,14.6,0,0,233
2026-07-24,Dinner,Dal,207,190,2.91,14.6,0,0,233
2026-07-24,Dinner,Roti,229,195,7.16,14.6,0,0,233
2026-07-24,Dinner,Vegetable Curry,163,143,4.49,14.6,0,0,233
2026-07-24,Dinner,Chicken Curry,123,104,4.06,14.6,0,0,233
2026-07-25,Lunch,Rice,37,33,0.9,26.9,0,0,38
2026-07-25,Lunch,Dal,30,28,0.0,26.9,0,0,38
2026-07-25,Lunch,Roti,32,30,0.0,26.9,0,0,38
2026-07-25,Lunch,Vegetable Curry,22,20,1.72,26.9,0,0,38
2026-07-25,Lunch,Chicken Curry,20,19,0.29,26.9,0,0,38
2026-07-25,Dinner,Rice,35,32,0.66,26.9,0,0,38
2026-07-25,Dinner,Dal,29,25,1.29,26.9,0,0,38
2026-07-25,Dinner,Roti,29,26,1.49,26.9,0,0,38
2026-07-25,Dinner,Vegetable Curry,22,19,0.4,26.9,0,0,38
2026-07-25,Dinner,Chicken Curry,21,20,0.69,26.9,0,0,38
2026-07-26,Lunch,Rice,45,42,0.91,21.4,0,0,48
2026-07-26,Lunch,Dal,48,42,1.26,21.4,0,0,48
2026-07-26,Lunch,Roti,40,35,1.54,21.4,0,0,48
2026-07-26,Lunch,Vegetable Curry,30,27,0.92,21.4,0,0,48
2026-07-26,Lunch,Chicken Curry,26,25,0.3,21.4,0,0,48
2026-07-26,Dinner,Rice,48,46,0.47,21.4,0,0,48
2026-07-26,Dinner,Dal,40,34,1.73,21.4,0,0,48
2026-07-26,Dinner,Roti,43,37,1.16,21.4,0,0,48
2026-07-26,Dinner,Vegetable Curry,32,31,0.0,21.4,0,0,48
2026-07-26,Dinner,Chicken Curry,21,20,0.45,21.4,0,0,48
2026-07-27,Lunch,Rice,180,160,3.78,31.3,0,0,182
2026-07-27,Lunch,Dal,155,136,4.32,31.3,0,0,182
2026-07-27,Lunch,Roti,141,130,2.64,31.3,0,0,182
2026-07-27,Lunch,Vegetable Curry,135,116,3.82,31.3,0,0,182
2026-07-27,Lunch,Chicken Curry,96,86,2.7,31.3,0,0,182
2026-07-27,Dinner,Rice,213,178,7.16,31.3,0,0,182
2026-07-27,Dinner,Dal,154,139,3.73,31.3,0,0,182
2026-07-27,Dinner,Roti,123,116,1.8,31.3,0,0,182
2026-07-27,Dinner,Vegetable Curry,102,94,1.14,31.3,0,0,182
2026-07-27,Dinner,Chicken Curry,84,73,1.6,31.3,0,0,182
2026-07-28,Lunch,Rice,299,262,7.74,29.9,0,1,293
2026-07-28,Lunch,Dal,294,261,7.41,29.9,0,1,293
2026-07-28,Lunch,Roti,207,192,2.73,29.9,0,1,293
2026-07-28,Lunch,Vegetable Curry,203,185,3.29,29.9,0,1,293
2026-07-28,Lunch,Chicken Curry,192,167,4.71,29.9,0,1,293
2026-07-28,Dinner,Rice,294,272,4.21,29.9,0,1,293
2026-07-28,Dinner,Dal,272,239,5.84,29.9,0,1,293
2026-07-28,Dinner,Roti,220,187,6.68,29.9,0,1,293
2026-07-28,Dinner,Vegetable Curry,195,165,5.81,29.9,0,1,293
2026-07-28,Dinner,Chicken Curry,174,154,4.54,29.9,0,1,293
2026-07-29,Lunch,Rice,175,165,2.9,18.1,0,0,185
2026-07-29,Lunch,Dal,167,158,1.27,18.1,0,0,185
2026-07-29,Lunch,Roti,144,129,3.59,18.1,0,0,185
2026-07-29,Lunch,Vegetable Curry,136,124,2.57,18.1,0,0,185
2026-07-29,Lunch,Chicken Curry,106,98,2.52,18.1,0,0,185
2026-07-29,Dinner,Rice,195,170,5.15,18.1,0,0,185
2026-07-29,Dinner,Dal,184,160,5.05,18.1,0,0,185
2026-07-29,Dinner,Roti,165,142,5.37,18.1,0,0,185
2026-07-29,Dinner,Vegetable Curry,119,109,2.07,18.1,0,0,185
2026-07-29,Dinner,Chicken Curry,100,86,3.05,18.1,0,0,185
2026-07-30,Lunch,Rice,177,155,4.77,26.0,0,0,200
2026-07-30,Lunch,Dal,195,183,2.51,26.0,0,0,200
2026-07-30,Lunch,Roti,170,143,6.19,26.0,0,0,200
2026-07-30,Lunch,Vegetable Curry,159,134,4.28,26.0,0,0,200
2026-07-30,Lunch,Chicken Curry,104,95,1.9,26.0,0,0,200
2026-07-30,Dinner,Rice,196,173,4.69,26.0,0,0,200
2026-07-30,Dinner,Dal,189,179,1.24,26.0,0,0,200
2026-07-30,Dinner,Roti,152,145,1.14,26.0,0,0,200
2026-07-30,Dinner,Vegetable Curry,159,138,4.17,26.0,0,0,200
2026-07-30,Dinner,Chicken Curry,98,82,3.0,26.0,0,0,200
2026-07-31,Lunch,Rice,161,152,2.15,27.2,0,0,189
2026-07-31,Lunch,Dal,183,168,3.66,27.2,0,0,189
2026-07-31,Lunch,Roti,155,140,2.95,27.2,0,0,189
2026-07-31,Lunch,Vegetable Curry,108,99,2.63,27.2,0,0,189
2026-07-31,Lunch,Chicken Curry,111,94,3.52,27.2,0,0,189
2026-07-31,Dinner,Rice,166,158,1.27,27.2,0,0,189
2026-07-31,Dinner,Dal,155,132,5.32,27.2,0,0,189
2026-07-31,Dinner,Roti,148,138,1.99,27.2,0,0,189
2026-07-31,Dinner,Vegetable Curry,136,117,4.03,27.2,0,0,189
2026-07-31,Dinner,Chicken Curry,112,98,3.1,27.2,0,0,189
2026-08-01,Lunch,Rice,43,41,0.38,31.2,0,0,52
2026-08-01,Lunch,Dal,41,38,1.5,31.2,0,0,52
2026-08-01,Lunch,Roti,37,33,0.79,31.2,0,0,52
2026-08-01,Lunch,Vegetable Curry,36,33,0.27,31.2,0,0,52
2026-08-01,Lunch,Chicken Curry,26,25,0.19,31.2,0,0,52
2026-08-01,Dinner,Rice,50,44,0.0,31.2,0,0,52
2026-08-01,Dinner,Dal,53,45,1.05,31.2,0,0,52
2026-08-01,Dinner,Roti,34,32,0.38,31.2,0,0,52
2026-08-01,Dinner,Vegetable Curry,43,38,0.99,31.2,0,0,52
2026-08-01,Dinner,Chicken Curry,27,25,0.41,31.2,0,0,52
2026-08-02,Lunch,Rice,41,37,0.66,23.8,0,0,46
2026-08-02,Lunch,Dal,43,40,0.91,23.8,0,0,46
2026-08-02,Lunch,Roti,37,36,0.66,23.8,0,0,46
2026-08-02,Lunch,Vegetable Curry,37,32,1.18,23.8,0,0,46
2026-08-02,Lunch,Chicken Curry,27,25,0.72,23.8,0,0,46
2026-08-02,Dinner,Rice,48,41,1.88,23.8,0,0,46
2026-08-02,Dinner,Dal,49,44,0.66,23.8,0,0,46
2026-08-02,Dinner,Roti,32,31,0.3,23.8,0,0,46
2026-08-02,Dinner,Vegetable Curry,29,25,0.56,23.8,0,0,46
2026-08-02,Dinner,Chicken Curry,23,20,0.34,23.8,0,0,46
2026-08-03,Lunch,Rice,201,187,2.86,33.6,0,0,208
2026-08-03,Lunch,Dal,166,158,1.71,33.6,0,0,208
2026-08-03,Lunch,Roti,166,141,4.17,33.6,0,0,208
2026-08-03,Lunch,Vegetable Curry,151,136,3.44,33.6,0,0,208
2026-08-03,Lunch,Chicken Curry,109,91,2.87,33.6,0,0,208
2026-08-03,Dinner,Rice,181,157,5.8,33.6,0,0,208
2026-08-03,Dinner,Dal,218,184,6.78,33.6,0,0,208
2026-08-03,Dinner,Roti,137,121,2.91,33.6,0,0,208
2026-08-03,Dinner,Vegetable Curry,165,143,5.09,33.6,0,0,208
2026-08-03,Dinner,Chicken Curry,128,108,3.66,33.6,0,0,208
2026-08-04,Lunch,Rice,235,211,4.61,24.9,0,0,223
2026-08-04,Lunch,Dal,157,138,3.92,24.9,0,0,223
2026-08-04,Lunch,Roti,179,150,5.24,24.9,0,0,223
2026-08-04,Lunch,Vegetable Curry,158,144,2.18,24.9,0,0,223
2026-08-04,Lunch,Chicken Curry,126,106,4.17,24.9,0,0,223
2026-08-04,Dinner,Rice,179,169,1.86,24.9,0,0,223
2026-08-04,Dinner,Dal,196,179,2.76,24.9,0,0,223
2026-08-04,Dinner,Roti,165,152,3.22,24.9,0,0,223
2026-08-04,Dinner,Vegetable Curry,164,153,2.63,24.9,0,0,223
2026-08-04,Dinner,Chicken Curry,134,120,3.41,24.9,0,0,223
2026-08-05,Lunch,Rice,194,178,3.1,30.2,0,0,204
2026-08-05,Lunch,Dal,194,163,5.86,30.2,0,0,204
2026-08-05,Lunch,Roti,167,153,2.76,30.2,0,0,204
2026-08-05,Lunch,Vegetable Curry,123,115,1.6,30.2,0,0,204
2026-08-05,Lunch,Chicken Curry,124,111,2.77,30.2,0,0,204
2026-08-05,Dinner,Rice,166,145,5.67,30.2,0,0,204
2026-08-05,Dinner,Dal,195,181,2.28,30.2,0,0,204
2026-08-05,Dinner,Roti,163,146,3.07,30.2,0,0,204
2026-08-05,Dinner,Vegetable Curry,138,120,3.71,30.2,0,0,204
2026-08-05,Dinner,Chicken Curry,115,101,3.8,30.2,0,0,204
2026-08-06,Lunch,Rice,236,213,4.03,30.5,0,0,223
2026-08-06,Lunch,Dal,188,164,4.95,30.5,0,0,223
2026-08-06,Lunch,Roti,182,155,5.56,30.5,0,0,223
2026-08-06,Lunch,Vegetable Curry,160,138,5.12,30.5,0,0,223
2026-08-06,Lunch,Chicken Curry,118,108,2.48,30.5,0,0,223
2026-08-06,Dinner,Rice,257,221,7.48,30.5,0,0,223
2026-08-06,Dinner,Dal,202,173,6.49,30.5,0,0,223
2026-08-06,Dinner,Roti,164,157,0.89,30.5,0,0,223
2026-08-06,Dinner,Vegetable Curry,132,119,1.88,30.5,0,0,223
2026-08-06,Dinner,Chicken Curry,112,101,2.98,30.5,0,0,223
2026-08-07,Lunch,Rice,203,184,4.93,33.2,0,0,220
2026-08-07,Lunch,Dal,198,177,4.76,33.2,0,0,220
2026-08-07,Lunch,Roti,150,132,2.78,33.2,0,0,220
2026-08-07,Lunch,Vegetable Curry,188,162,5.56,33.2,0,0,220
2026-08-07,Lunch,Chicken Curry,138,116,4.83,33.2,0,0,220
2026-08-07,Dinner,Rice,228,192,7.4,33.2,0,0,220
2026-08-07,Dinner,Dal,181,162,3.66,33.2,0,0,220
2026-08-07,Dinner,Roti,153,140,2.11,33.2,0,0,220
2026-08-07,Dinner,Vegetable Curry,146,134,3.1,33.2,0,0,220
2026-08-07,Dinner,Chicken Curry,137,126,2.59,33.2,0,0,220
2026-08-08,Lunch,Rice,44,39,1.28,24.3,0,0,49
2026-08-08,Lunch,Dal,40,36,0.96,24.3,0,0,49
2026-08-08,Lunch,Roti,44,39,0.96,24.3,0,0,49
2026-08-08,Lunch,Vegetable Curry,34,29,0.79,24.3,0,0,49
2026-08-08,Lunch,Chicken Curry,31,27,0.99,24.3,0,0,49
2026-08-08,Dinner,Rice,46,41,0.67,24.3,0,0,49
2026-08-08,Dinner,Dal,50,43,1.25,24.3,0,0,49
2026-08-08,Dinner,Roti,35,30,0.65,24.3,0,0,49
2026-08-08,Dinner,Vegetable Curry,34,31,0.32,24.3,0,0,49
2026-08-08,Dinner,Chicken Curry,25,22,0.74,24.3,0,0,49
2026-08-09,Lunch,Rice,51,48,0.81,19.1,0,0,51
2026-08-09,Lunch,Dal,50,45,1.81,19.1,0,0,51
2026-08-09,Lunch,Roti,37,33,0.12,19.1,0,0,51
2026-08-09,Lunch,Vegetable Curry,33,31,0.4,19.1,0,0,51
2026-08-09,Lunch,Chicken Curry,25,23,1.22,19.1,0,0,51
2026-08-09,Dinner,Rice,59,50,2.35,19.1,0,0,51
2026-08-09,Dinner,Dal,46,43,1.41,19.1,0,0,51
2026-08-09,Dinner,Roti,34,31,0.24,19.1,0,0,51
2026-08-09,Dinner,Vegetable Curry,31,30,0.0,19.1,0,0,51
2026-08-09,Dinner,Chicken Curry,26,23,0.95,19.1,0,0,51
2026-08-10,Lunch,Rice,250,209,7.6,15.0,0,0,207
2026-08-10,Lunch,Dal,205,177,6.57,15.0,0,0,207
2026-08-10,Lunch,Roti,152,134,3.57,15.0,0,0,207
2026-08-10,Lunch,Vegetable Curry,125,111,3.11,15.0,0,0,207
2026-08-10,Lunch,Chicken Curry,118,102,2.75,15.0,0,0,207
2026-08-10,Dinner,Rice,245,210,6.39,15.0,0,0,207
2026-08-10,Dinner,Dal,176,147,5.64,15.0,0,0,207
2026-08-10,Dinner,Roti,170,145,5.39,15.0,0,0,207
2026-08-10,Dinner,Vegetable Curry,162,153,2.0,15.0,0,0,207
2026-08-10,Dinner,Chicken Curry,115,98,3.58,15.0,0,0,207
2026-08-11,Lunch,Rice,140,127,2.85,21.1,0,0,173
2026-08-11,Lunch,Dal,189,168,3.63,21.1,0,0,173
2026-08-11,Lunch,Roti,145,121,5.22,21.1,0,0,173
2026-08-11,Lunch,Vegetable Curry,117,99,3.83,21.1,0,0,173
2026-08-11,Lunch,Chicken Curry,96,87,1.75,21.1,0,0,173
2026-08-11,Dinner,Rice,179,164,3.3,21.1,0,0,173
2026-08-11,Dinner,Dal,145,135,1.62,21.1,0,0,173
2026-08-11,Dinner,Roti,129,108,4.86,21.1,0,0,173
2026-08-11,Dinner,Vegetable Curry,123,115,1.84,21.1,0,0,173
2026-08-11,Dinner,Chicken Curry,124,107,3.25,21.1,0,0,173
2026-08-12,Lunch,Rice,171,163,1.51,19.7,0,0,193
2026-08-12,Lunch,Dal,180,162,3.63,19.7,0,0,193
2026-08-12,Lunch,Roti,150,135,2.01,19.7,0,0,193
2026-08-12,Lunch,Vegetable Curry,128,119,1.4,19.7,0,0,193
2026-08-12,Lunch,Chicken Curry,119,111,2.21,19.7,0,0,193
2026-08-12,Dinner,Rice,193,161,6.37,19.7,0,0,193
2026-08-12,Dinner,Dal,186,156,5.83,19.7,0,0,193
2026-08-12,Dinner,Roti,135,127,1.39,19.7,0,0,193
2026-08-12,Dinner,Vegetable Curry,124,108,3.05,19.7,0,0,193
2026-08-12,Dinner,Chicken Curry,115,96,3.44,19.7,0,0,193
2026-08-13,Lunch,Rice,120,113,1.87,29.7,0,0,170
2026-08-13,Lunch,Dal,144,134,2.49,29.7,0,0,170
2026-08-13,Lunch,Roti,123,105,2.7,29.7,0,0,170
2026-08-13,Lunch,Vegetable Curry,115,110,1.38,29.7,0,0,170
2026-08-13,Lunch,Chicken Curry,84,80,0.0,29.7,0,0,170
2026-08-13,Dinner,Rice,177,166,1.8,29.7,0,0,170
2026-08-13,Dinner,Dal,120,115,1.09,29.7,0,0,170
2026-08-13,Dinner,Roti,121,107,2.78,29.7,0,0,170
2026-08-13,Dinner,Vegetable Curry,121,114,1.32,29.7,0,0,170
2026-08-13,Dinner,Chicken Curry,81,74,1.38,29.7,0,0,170
2026-08-14,Lunch,Rice,203,172,6.1,18.1,0,0,167
2026-08-14,Lunch,Dal,165,148,2.84,18.1,0,0,167
2026-08-14,Lunch,Roti,130,124,0.96,18.1,0,0,167
2026-08-14,Lunch,Vegetable Curry,113,99,3.26,18.1,0,0,167
2026-08-14,Lunch,Chicken Curry,101,89,2.55,18.1,0,0,167
2026-08-14,Dinner,Rice,157,140,3.48,18.1,0,0,167
2026-08-14,Dinner,Dal,156,139,3.06,18.1,0,0,167
2026-08-14,Dinner,Roti,121,114,1.45,18.1,0,0,167
2026-08-14,Dinner,Vegetable Curry,101,96,1.09,18.1,0,0,167
2026-08-14,Dinner,Chicken Curry,83,76,2.05,18.1,0,0,167
2026-08-15,Lunch,Rice,50,47,0.38,28.4,0,0,55
2026-08-15,Lunch,Dal,53,49,1.16,28.4,0,0,55
2026-08-15,Lunch,Roti,44,40,1.46,28.4,0,0,55
2026-08-15,Lunch,Vegetable Curry,35,31,0.67,28.4,0,0,55
2026-08-15,Lunch,Chicken Curry,32,29,1.21,28.4,0,0,55
2026-08-15,Dinner,Rice,55,46,2.26,28.4,0,0,55
2026-08-15,Dinner,Dal,58,50,2.5,28.4,0,0,55
2026-08-15,Dinner,Roti,42,40,0.94,28.4,0,0,55
2026-08-15,Dinner,Vegetable Curry,36,34,0.29,28.4,0,0,55
2026-08-15,Dinner,Chicken Curry,26,24,0.0,28.4,0,0,55
2026-08-16,Lunch,Rice,48,44,1.21,23.9,0,0,48
2026-08-16,Lunch,Dal,45,39,1.33,23.9,0,0,48
2026-08-16,Lunch,Roti,38,33,1.14,23.9,0,0,48
2026-08-16,Lunch,Vegetable Curry,37,32,0.93,23.9,0,0,48
2026-08-16,Lunch,Chicken Curry,26,25,0.79,23.9,0,0,48
2026-08-16,Dinner,Rice,52,44,1.62,23.9,0,0,48
2026-08-16,Dinner,Dal,45,39,0.87,23.9,0,0,48
2026-08-16,Dinner,Roti,38,33,0.25,23.9,0,0,48
2026-08-16,Dinner,Vegetable Curry,33,29,1.65,23.9,0,0,48
2026-08-16,Dinner,Chicken Curry,21,19,0.44,23.9,0,0,48
2026-08-17,Lunch,Rice,198,189,1.19,31.4,0,0,213
2026-08-17,Lunch,Dal,220,184,6.74,31.4,0,0,213
2026-08-17,Lunch,Roti,169,145,4.37,31.4,0,0,213
2026-08-17,Lunch,Vegetable Curry,151,131,3.3,31.4,0,0,213
2026-08-17,Lunch,Chicken Curry,102,93,2.02,31.4,0,0,213
2026-08-17,Dinner,Rice,207,197,2.73,31.4,0,0,213
2026-08-17,Dinner,Dal,187,157,6.32,31.4,0,0,213
2026-08-17,Dinner,Roti,136,127,1.25,31.4,0,0,213
2026-08-17,Dinner,Vegetable Curry,164,137,5.21,31.4,0,0,213
2026-08-17,Dinner,Chicken Curry,112,97,1.95,31.4,0,0,213
2026-08-18,Lunch,Rice,146,125,4.83,17.9,0,0,164
2026-08-18,Lunch,Dal,149,133,2.78,17.9,0,0,164
2026-08-18,Lunch,Roti,122,108,2.89,17.9,0,0,164
2026-08-18,Lunch,Vegetable Curry,132,116,4.14,17.9,0,0,164
2026-08-18,Lunch,Chicken Curry,98,90,1.9,17.9,0,0,164
2026-08-18,Dinner,Rice,156,147,2.46,17.9,0,0,164
2026-08-18,Dinner,Dal,149,128,3.97,17.9,0,0,164
2026-08-18,Dinner,Roti,140,125,3.34,17.9,0,0,164
2026-08-18,Dinner,Vegetable Curry,95,87,1.5,17.9,0,0,164
2026-08-18,Dinner,Chicken Curry,81,75,1.13,17.9,0,0,164
2026-08-19,Lunch,Rice,255,239,3.49,19.9,0,0,237
2026-08-19,Lunch,Dal,233,211,4.25,19.9,0,0,237
2026-08-19,Lunch,Roti,212,197,3.77,19.9,0,0,237
2026-08-19,Lunch,Vegetable Curry,128,122,0.61,19.9,0,0,237
2026-08-19,Lunch,Chicken Curry,131,120,1.32,19.9,0,0,237
2026-08-19,Dinner,Rice,276,235,8.1,19.9,0,0,237
2026-08-19,Dinner,Dal,222,199,4.33,19.9,0,0,237
2026-08-19,Dinner,Roti,156,147,1.77,19.9,0,0,237
2026-08-19,Dinner,Vegetable Curry,157,141,4.09,19.9,0,0,237
2026-08-19,Dinner,Chicken Curry,138,129,2.19,19.9,0,0,237
2026-08-20,Lunch,Rice,216,199,3.3,28.8,0,0,224
2026-08-20,Lunch,Dal,201,185,3.09,28.8,0,0,224
2026-08-20,Lunch,Roti,191,171,3.6,28.8,0,0,224
2026-08-20,Lunch,Vegetable Curry,134,127,1.39,28.8,0,0,224
2026-08-20,Lunch,Chicken Curry,92,84,2.04,28.8,0,0,224
2026-08-20,Dinner,Rice,233,206,5.44,28.8,0,0,224
2026-08-20,Dinner,Dal,175,151,4.54,28.8,0,0,224
2026-08-20,Dinner,Roti,157,139,3.88,28.8,0,0,224
2026-08-20,Dinner,Vegetable Curry,159,140,3.78,28.8,0,0,224
2026-08-20,Dinner,Chicken Curry,109,102,1.24,28.8,0,0,224
2026-08-21,Lunch,Rice,211,179,6.43,26.0,0,0,222
2026-08-21,Lunch,Dal,198,172,5.28,26.0,0,0,222
2026-08-21,Lunch,Roti,158,142,3.24,26.0,0,0,222
2026-08-21,Lunch,Vegetable Curry,138,116,4.37,26.0,0,0,222
2026-08-21,Lunch,Chicken Curry,128,115,3.05,26.0,0,0,222
2026-08-21,Dinner,Rice,265,235,5.48,26.0,0,0,222
2026-08-21,Dinner,Dal,207,177,5.64,26.0,0,0,222
2026-08-21,Dinner,Roti,169,145,4.77,26.0,0,0,222
2026-08-21,Dinner,Vegetable Curry,133,124,1.4,26.0,0,0,222
2026-08-21,Dinner,Chicken Curry,138,123,2.62,26.0,0,0,222
2026-08-22,Lunch,Rice,55,48,1.38,23.2,0,0,52
2026-08-22,Lunch,Dal,50,45,0.96,23.2,0,0,52
2026-08-22,Lunch,Roti,36,32,0.8,23.2,0,0,52
2026-08-22,Lunch,Vegetable Curry,33,29,1.37,23.2,0,0,52
2026-08-22,Lunch,Chicken Curry,24,21,0.7,23.2,0,0,52
2026-08-22,Dinner,Rice,64,55,2.34,23.2,0,0,52
2026-08-22,Dinner,Dal,49,44,0.9,23.2,0,0,52
2026-08-22,Dinner,Roti,44,38,0.78,23.2,0,0,52
2026-08-22,Dinner,Vegetable Curry,39,33,0.99,23.2,0,0,52
2026-08-22,Dinner,Chicken Curry,26,25,0.0,23.2,0,0,52
2026-08-23,Lunch,Rice,59,56,0.07,20.2,0,0,52
2026-08-23,Lunch,Dal,47,42,1.12,20.2,0,0,52
2026-08-23,Lunch,Roti,43,36,1.63,20.2,0,0,52
2026-08-23,Lunch,Vegetable Curry,36,34,1.12,20.2,0,0,52
2026-08-23,Lunch,Chicken Curry,26,25,0.69,20.2,0,0,52
2026-08-23,Dinner,Rice,51,46,0.87,20.2,0,0,52
2026-08-23,Dinner,Dal,46,44,0.56,20.2,0,0,52
2026-08-23,Dinner,Roti,38,33,1.3,20.2,0,0,52
2026-08-23,Dinner,Vegetable Curry,35,31,1.46,20.2,0,0,52
2026-08-23,Dinner,Chicken Curry,29,25,0.0,20.2,0,0,52
2026-08-24,Lunch,Rice,186,161,4.75,31.5,0,0,199
2026-08-24,Lunch,Dal,165,150,2.79,31.5,0,0,199
2026-08-24,Lunch,Roti,184,161,4.44,31.5,0,0,199
2026-08-24,Lunch,Vegetable Curry,118,101,4.02,31.5,0,0,199
2026-08-24,Lunch,Chicken Curry,117,103,2.79,31.5,0,0,199
2026-08-24,Dinner,Rice,203,185,3.2,31.5,0,0,199
2026-08-24,Dinner,Dal,162,151,2.3,31.5,0,0,199
2026-08-24,Dinner,Roti,156,133,4.86,31.5,0,0,199
2026-08-24,Dinner,Vegetable Curry,148,129,3.13,31.5,0,0,199
2026-08-24,Dinner,Chicken Curry,86,80,1.26,31.5,0,0,199
2026-08-25,Lunch,Rice,220,189,6.44,27.6,0,0,203
2026-08-25,Lunch,Dal,168,142,5.62,27.6,0,0,203
2026-08-25,Lunch,Roti,161,151,2.95,27.6,0,0,203
2026-08-25,Lunch,Vegetable Curry,119,101,2.46,27.6,0,0,203
2026-08-25,Lunch,Chicken Curry,94,79,3.42,27.6,0,0,203
2026-08-25,Dinner,Rice,189,179,1.53,27.6,0,0,203
2026-08-25,Dinner,Dal,182,167,3.1,27.6,0,0,203
2026-08-25,Dinner,Roti,160,135,5.38,27.6,0,0,203
2026-08-25,Dinner,Vegetable Curry,136,130,1.51,27.6,0,0,203
2026-08-25,Dinner,Chicken Curry,120,110,1.74,27.6,0,0,203
2026-08-26,Lunch,Rice,217,207,1.83,26.8,0,0,236
2026-08-26,Lunch,Dal,174,153,4.05,26.8,0,0,236
2026-08-26,Lunch,Roti,170,147,4.07,26.8,0,0,236
2026-08-26,Lunch,Vegetable Curry,167,147,4.45,26.8,0,0,236
2026-08-26,Lunch,Chicken Curry,135,116,3.72,26.8,0,0,236
2026-08-26,Dinner,Rice,256,214,8.17,26.8,0,0,236
2026-08-26,Dinner,Dal,201,190,2.78,26.8,0,0,236
2026-08-26,Dinner,Roti,181,170,2.78,26.8,0,0,236
2026-08-26,Dinner,Vegetable Curry,183,155,5.85,26.8,0,0,236
2026-08-26,Dinner,Chicken Curry,139,125,4.14,26.8,0,0,236
2026-08-27,Lunch,Rice,229,201,6.08,27.6,0,0,227
2026-08-27,Lunch,Dal,234,203,7.07,27.6,0,0,227
2026-08-27,Lunch,Roti,170,160,1.2,27.6,0,0,227
2026-08-27,Lunch,Vegetable Curry,151,132,2.6,27.6,0,0,227
2026-08-27,Lunch,Chicken Curry,132,114,3.88,27.6,0,0,227
2026-08-27,Dinner,Rice,266,251,3.05,27.6,0,0,227
2026-08-27,Dinner,Dal,188,168,3.34,27.6,0,0,227
2026-08-27,Dinner,Roti,167,155,1.37,27.6,0,0,227
2026-08-27,Dinner,Vegetable Curry,124,115,2.18,27.6,0,0,227
2026-08-27,Dinner,Chicken Curry,116,111,1.0,27.6,0,0,227
2026-08-28,Lunch,Rice,191,170,4.87,23.5,0,0,184
2026-08-28,Lunch,Dal,168,152,3.11,23.5,0,0,184
2026-08-28,Lunch,Roti,139,131,1.22,23.5,0,0,184
2026-08-28,Lunch,Vegetable Curry,131,111,2.92,23.5,0,0,184
2026-08-28,Lunch,Chicken Curry,130,109,4.17,23.5,0,0,184
2026-08-28,Dinner,Rice,175,158,3.07,23.5,0,0,184
2026-08-28,Dinner,Dal,142,120,3.61,23.5,0,0,184
2026-08-28,Dinner,Roti,151,138,3.37,23.5,0,0,184
2026-08-28,Dinner,Vegetable Curry,114,105,1.87,23.5,0,0,184
2026-08-28,Dinner,Chicken Curry,107,93,2.49,23.5,0,0,184
2026-08-29,Lunch,Rice,34,31,0.45,20.8,0,0,38
2026-08-29,Lunch,Dal,31,30,0.24,20.8,0,0,38
2026-08-29,Lunch,Roti,31,27,0.72,20.8,0,0,38
2026-08-29,Lunch,Vegetable Curry,22,20,1.11,20.8,0,0,38
2026-08-29,Lunch,Chicken Curry,22,19,0.98,20.8,0,0,38
2026-08-29,Dinner,Rice,37,32,1.18,20.8,0,0,38
2026-08-29,Dinner,Dal,32,30,0.03,20.8,0,0,38
2026-08-29,Dinner,Roti,28,26,0.3,20.8,0,0,38
2026-08-29,Dinner,Vegetable Curry,29,28,0.0,20.8,0,0,38
2026-08-29,Dinner,Chicken Curry,20,19,0.0,20.8,0,0,38
2026-08-30,Lunch,Rice,49,43,2.09,29.8,0,0,52
2026-08-30,Lunch,Dal,43,37,0.65,29.8,0,0,52
2026-08-30,Lunch,Roti,48,41,1.27,29.8,0,0,52
2026-08-30,Lunch,Vegetable Curry,28,25,0.25,29.8,0,0,52
2026-08-30,Lunch,Chicken Curry,33,29,0.0,29.8,0,0,52
2026-08-30,Dinner,Rice,45,42,1.34,29.8,0,0,52
2026-08-30,Dinner,Dal,43,37,1.09,29.8,0,0,52
2026-08-30,Dinner,Roti,33,32,0.0,29.8,0,0,52
2026-08-30,Dinner,Vegetable Curry,38,35,1.3,29.8,0,0,52
2026-08-30,Dinner,Chicken Curry,27,25,0.04,29.8,0,0,52
2026-08-31,Lunch,Rice,193,168,5.14,18.8,0,0,188
2026-08-31,Lunch,Dal,157,149,1.03,18.8,0,0,188
2026-08-31,Lunch,Roti,152,138,2.8,18.8,0,0,188
2026-08-31,Lunch,Vegetable Curry,105,100,0.82,18.8,0,0,188
2026-08-31,Lunch,Chicken Curry,99,91,2.4,18.8,0,0,188
2026-08-31,Dinner,Rice,197,167,6.11,18.8,0,0,188
2026-08-31,Dinner,Dal,201,168,6.78,18.8,0,0,188
2026-08-31,Dinner,Roti,122,111,1.46,18.8,0,0,188
2026-08-31,Dinner,Vegetable Curry,112,99,2.67,18.8,0,0,188
2026-08-31,Dinner,Chicken Curry,126,108,3.73,18.8,0,0,188
2026-09-01,Lunch,Rice,179,165,2.56,21.1,0,0,187
2026-09-01,Lunch,Dal,165,150,3.25,21.1,0,0,187
2026-09-01,Lunch,Roti,129,116,2.72,21.1,0,0,187
2026-09-01,Lunch,Vegetable Curry,121,109,3.57,21.1,0,0,187
2026-09-01,Lunch,Chicken Curry,117,103,3.78,21.1,0,0,187
2026-09-01,Dinner,Rice,168,160,0.96,21.1,0,0,187
2026-09-01,Dinner,Dal,204,189,2.25,21.1,0,0,187
2026-09-01,Dinner,Roti,158,134,5.68,21.1,0,0,187
2026-09-01,Dinner,Vegetable Curry,122,115,1.2,21.1,0,0,187
2026-09-01,Dinner,Chicken Curry,102,87,3.44,21.1,0,0,187
2026-09-02,Lunch,Rice,226,199,5.37,26.9,0,0,199
2026-09-02,Lunch,Dal,146,136,1.58,26.9,0,0,199
2026-09-02,Lunch,Roti,147,131,3.89,26.9,0,0,199
2026-09-02,Lunch,Vegetable Curry,178,151,5.27,26.9,0,0,199
2026-09-02,Lunch,Chicken Curry,115,98,3.54,26.9,0,0,199
2026-09-02,Dinner,Rice,221,186,7.75,26.9,0,0,199
2026-09-02,Dinner,Dal,183,156,5.32,26.9,0,0,199
2026-09-02,Dinner,Roti,183,155,5.5,26.9,0,0,199
2026-09-02,Dinner,Vegetable Curry,144,126,2.13,26.9,0,0,199
2026-09-02,Dinner,Chicken Curry,136,118,3.48,26.9,0,0,199
2026-09-03,Lunch,Rice,156,145,2.63,20.1,0,0,172
2026-09-03,Lunch,Dal,136,130,1.63,20.1,0,0,172
2026-09-03,Lunch,Roti,149,129,4.26,20.1,0,0,172
2026-09-03,Lunch,Vegetable Curry,124,107,3.1,20.1,0,0,172
2026-09-03,Lunch,Chicken Curry,112,96,3.55,20.1,0,0,172
2026-09-03,Dinner,Rice,159,142,3.51,20.1,0,0,172
2026-09-03,Dinner,Dal,149,135,2.43,20.1,0,0,172
2026-09-03,Dinner,Roti,125,118,1.13,20.1,0,0,172
2026-09-03,Dinner,Vegetable Curry,88,83,1.11,20.1,0,0,172
2026-09-03,Dinner,Chicken Curry,113,98,3.0,20.1,0,0,172
2026-09-04,Lunch,Rice,177,152,4.53,17.0,0,0,184
2026-09-04,Lunch,Dal,170,144,5.55,17.0,0,0,184
2026-09-04,Lunch,Roti,135,125,1.0,17.0,0,0,184
2026-09-04,Lunch,Vegetable Curry,126,111,3.01,17.0,0,0,184
2026-09-04,Lunch,Chicken Curry,111,104,0.75,17.0,0,0,184
2026-09-04,Dinner,Rice,184,165,4.3,17.0,0,0,184
2026-09-04,Dinner,Dal,183,173,2.62,17.0,0,0,184
2026-09-04,Dinner,Roti,131,114,3.79,17.0,0,0,184
2026-09-04,Dinner,Vegetable Curry,130,115,3.25,17.0,0,0,184
2026-09-04,Dinner,Chicken Curry,94,81,2.63,17.0,0,0,184
2026-09-05,Lunch,Rice,47,45,0.0,15.8,0,0,49
2026-09-05,Lunch,Dal,36,35,0.76,15.8,0,0,49
2026-09-05,Lunch,Roti,34,32,0.41,15.8,0,0,49
2026-09-05,Lunch,Vegetable Curry,32,28,0.88,15.8,0,0,49
2026-09-05,Lunch,Chicken Curry,23,22,0.76,15.8,0,0,49
2026-09-05,Dinner,Rice,44,38,0.79,15.8,0,0,49
2026-09-05,Dinner,Dal,50,43,1.07,15.8,0,0,49
2026-09-05,Dinner,Roti,40,37,0.53,15.8,0,0,49
2026-09-05,Dinner,Vegetable Curry,32,29,1.59,15.8,0,0,49
2026-09-05,Dinner,Chicken Curry,28,27,0.66,15.8,0,0,49
2026-09-06,Lunch,Rice,54,50,0.9,29.8,0,0,56
2026-09-06,Lunch,Dal,51,45,1.06,29.8,0,0,56
2026-09-06,Lunch,Roti,45,38,1.17,29.8,0,0,56
2026-09-06,Lunch,Vegetable Curry,26,24,0.41,29.8,0,0,56
2026-09-06,Lunch,Chicken Curry,28,26,0.0,29.8,0,0,56
2026-09-06,Dinner,Rice,65,56,1.64,29.8,0,0,56
2026-09-06,Dinner,Dal,52,47,0.43,29.8,0,0,56
2026-09-06,Dinner,Roti,43,38,1.18,29.8,0,0,56
2026-09-06,Dinner,Vegetable Curry,29,28,0.61,29.8,0,0,56
2026-09-06,Dinner,Chicken Curry,34,31,1.01,29.8,0,0,56
2026-09-07,Lunch,Rice,203,184,4.1,20.5,0,0,212
2026-09-07,Lunch,Dal,164,140,4.86,20.5,0,0,212
2026-09-07,Lunch,Roti,162,145,2.9,20.5,0,0,212
2026-09-07,Lunch,Vegetable Curry,156,137,2.6,20.5,0,0,212
2026-09-07,Lunch,Chicken Curry,125,105,3.87,20.5,0,0,212
2026-09-07,Dinner,Rice,251,229,4.51,20.5,0,0,212
2026-09-07,Dinner,Dal,204,181,4.96,20.5,0,0,212
2026-09-07,Dinner,Roti,156,144,2.5,20.5,0,0,212
2026-09-07,Dinner,Vegetable Curry,141,128,3.37,20.5,0,0,212
2026-09-07,Dinner,Chicken Curry,138,116,3.72,20.5,0,0,212
2026-09-08,Lunch,Rice,198,179,4.54,25.9,0,0,204
2026-09-08,Lunch,Dal,169,156,2.51,25.9,0,0,204
2026-09-08,Lunch,Roti,163,141,3.58,25.9,0,0,204
2026-09-08,Lunch,Vegetable Curry,134,113,4.18,25.9,0,0,204
2026-09-08,Lunch,Chicken Curry,121,102,3.92,25.9,0,0,204
2026-09-08,Dinner,Rice,194,179,2.67,25.9,0,0,204
2026-09-08,Dinner,Dal,179,157,4.24,25.9,0,0,204
2026-09-08,Dinner,Roti,158,148,2.71,25.9,0,0,204
2026-09-08,Dinner,Vegetable Curry,141,128,3.17,25.9,0,0,204
2026-09-08,Dinner,Chicken Curry,99,90,2.22,25.9,0,0,204
2026-09-09,Lunch,Rice,184,172,2.48,29.9,0,0,198
2026-09-09,Lunch,Dal,168,141,5.32,29.9,0,0,198
2026-09-09,Lunch,Roti,130,116,2.89,29.9,0,0,198
2026-09-09,Lunch,Vegetable Curry,122,112,2.11,29.9,0,0,198
2026-09-09,Lunch,Chicken Curry,109,97,3.09,29.9,0,0,198
2026-09-09,Dinner,Rice,180,168,2.36,29.9,0,0,198
2026-09-09,Dinner,Dal,142,135,1.27,29.9,0,0,198
2026-09-09,Dinner,Roti,156,144,2.59,29.9,0,0,198
2026-09-09,Dinner,Vegetable Curry,110,99,2.43,29.9,0,0,198
2026-09-09,Dinner,Chicken Curry,104,91,2.68,29.9,0,0,198
2026-09-10,Lunch,Rice,56,50,1.44,27.1,1,0,60
2026-09-10,Lunch,Dal,49,43,1.62,27.1,1,0,60
2026-09-10,Lunch,Roti,41,37,1.04,27.1,1,0,60
2026-09-10,Lunch,Vegetable Curry,36,35,0.98,27.1,1,0,60
2026-09-10,Lunch,Chicken Curry,28,26,0.7,27.1,1,0,60
2026-09-10,Dinner,Rice,59,56,0.96,27.1,1,0,60
2026-09-10,Dinner,Dal,50,45,0.97,27.1,1,0,60
2026-09-10,Dinner,Roti,41,38,0.77,27.1,1,0,60
2026-09-10,Dinner,Vegetable Curry,45,38,1.31,27.1,1,0,60
2026-09-10,Dinner,Chicken Curry,29,25,0.0,27.1,1,0,60
2026-09-11,Lunch,Rice,313,276,7.8,15.7,0,1,330
2026-09-11,Lunch,Dal,325,300,4.38,15.7,0,1,330
2026-09-11,Lunch,Roti,250,231,3.32,15.7,0,1,330
2026-09-11,Lunch,Vegetable Curry,220,202,3.51,15.7,0,1,330
2026-09-11,Lunch,Chicken Curry,185,166,4.09,15.7,0,1,330
2026-09-11,Dinner,Rice,364,313,11.52,15.7,0,1,330
2026-09-11,Dinner,Dal,284,240,8.13,15.7,0,1,330
2026-09-11,Dinner,Roti,294,263,6.0,15.7,0,1,330
2026-09-11,Dinner,Vegetable Curry,192,169,4.59,15.7,0,1,330
2026-09-11,Dinner,Chicken Curry,182,155,4.89,15.7,0,1,330
2026-09-12,Lunch,Rice,62,53,1.62,25.1,0,0,53
2026-09-12,Lunch,Dal,54,47,0.86,25.1,0,0,53
2026-09-12,Lunch,Roti,38,33,1.21,25.1,0,0,53
2026-09-12,Lunch,Vegetable Curry,28,26,0.56,25.1,0,0,53
2026-09-12,Lunch,Chicken Curry,29,28,0.0,25.1,0,0,53
2026-09-12,Dinner,Rice,45,42,0.06,25.1,0,0,53
2026-09-12,Dinner,Dal,55,47,2.01,25.1,0,0,53
2026-09-12,Dinner,Roti,32,30,0.06,25.1,0,0,53
2026-09-12,Dinner,Vegetable Curry,36,34,0.69,25.1,0,0,53
2026-09-12,Dinner,Chicken Curry,32,28,0.67,25.1,0,0,53
2026-09-13,Lunch,Rice,94,89,1.49,22.0,0,1,85
2026-09-13,Lunch,Dal,86,80,1.39,22.0,0,1,85
2026-09-13,Lunch,Roti,72,61,2.9,22.0,0,1,85
2026-09-13,Lunch,Vegetable Curry,48,42,1.6,22.0,0,1,85
2026-09-13,Lunch,Chicken Curry,45,40,1.13,22.0,0,1,85
2026-09-13,Dinner,Rice,69,58,2.28,22.0,0,1,85
2026-09-13,Dinner,Dal,82,71,2.64,22.0,0,1,85
2026-09-13,Dinner,Roti,73,64,1.76,22.0,0,1,85
2026-09-13,Dinner,Vegetable Curry,58,54,1.01,22.0,0,1,85
2026-09-13,Dinner,Chicken Curry,44,40,1.07,22.0,0,1,85
2026-09-14,Lunch,Rice,362,304,12.44,27.2,0,1,323
2026-09-14,Lunch,Dal,210,196,2.76,27.2,0,1,323
2026-09-14,Lunch,Roti,266,241,5.42,27.2,0,1,323
2026-09-14,Lunch,Vegetable Curry,208,192,3.43,27.2,0,1,323
2026-09-14,Lunch,Chicken Curry,198,175,4.89,27.2,0,1,323
2026-09-14,Dinner,Rice,404,343,12.22,27.2,0,1,323
2026-09-14,Dinner,Dal,307,271,6.94,27.2,0,1,323
2026-09-14,Dinner,Roti,239,203,7.06,27.2,0,1,323
2026-09-14,Dinner,Vegetable Curry,201,184,2.97,27.2,0,1,323
2026-09-14,Dinner,Chicken Curry,195,167,6.0,27.2,0,1,323
2026-09-15,Lunch,Rice,200,177,4.67,31.1,0,0,205
2026-09-15,Lunch,Dal,162,147,2.45,31.1,0,0,205
2026-09-15,Lunch,Roti,140,121,4.36,31.1,0,0,205
2026-09-15,Lunch,Vegetable Curry,133,114,3.72,31.1,0,0,205
2026-09-15,Lunch,Chicken Curry,111,97,1.95,31.1,0,0,205
2026-09-15,Dinner,Rice,194,176,3.52,31.1,0,0,205
2026-09-15,Dinner,Dal,191,166,5.25,31.1,0,0,205
2026-09-15,Dinner,Roti,140,126,3.06,31.1,0,0,205
2026-09-15,Dinner,Vegetable Curry,127,117,2.13,31.1,0,0,205
2026-09-15,Dinner,Chicken Curry,116,97,2.97,31.1,0,0,205
2026-09-16,Lunch,Rice,197,177,4.52,23.8,0,0,181
2026-09-16,Lunch,Dal,139,128,1.37,23.8,0,0,181
2026-09-16,Lunch,Roti,136,125,1.48,23.8,0,0,181
2026-09-16,Lunch,Vegetable Curry,141,118,3.96,23.8,0,0,181
2026-09-16,Lunch,Chicken Curry,88,83,1.09,23.8,0,0,181
2026-09-16,Dinner,Rice,171,161,2.09,23.8,0,0,181
2026-09-16,Dinner,Dal,193,169,5.47,23.8,0,0,181
2026-09-16,Dinner,Roti,160,141,4.31,23.8,0,0,181
2026-09-16,Dinner,Vegetable Curry,109,96,2.14,23.8,0,0,181
2026-09-16,Dinner,Chicken Curry,100,88,2.54,23.8,0,0,181
2026-09-17,Lunch,Rice,168,151,3.66,23.9,0,0,199
2026-09-17,Lunch,Dal,184,157,5.65,23.9,0,0,199
2026-09-17,Lunch,Roti,175,147,5.09,23.9,0,0,199
2026-09-17,Lunch,Vegetable Curry,126,109,3.33,23.9,0,0,199
2026-09-17,Lunch,Chicken Curry,106,98,2.01,23.9,0,0,199
2026-09-17,Dinner,Rice,219,209,1.75,23.9,0,0,199
2026-09-17,Dinner,Dal,214,187,6.09,23.9,0,0,199
2026-09-17,Dinner,Roti,159,150,1.31,23.9,0,0,199
2026-09-17,Dinner,Vegetable Curry,141,122,3.68,23.9,0,0,199
2026-09-17,Dinner,Chicken Curry,100,92,1.16,23.9,0,0,199
2026-09-18,Lunch,Rice,231,194,7.52,28.4,0,0,229
2026-09-18,Lunch,Dal,222,190,6.63,28.4,0,0,229
2026-09-18,Lunch,Roti,173,161,2.77,28.4,0,0,229
2026-09-18,Lunch,Vegetable Curry,181,156,5.34,28.4,0,0,229
2026-09-18,Lunch,Chicken Curry,116,105,2.22,28.4,0,0,229
2026-09-18,Dinner,Rice,236,209,5.78,28.4,0,0,229
2026-09-18,Dinner,Dal,198,168,5.31,28.4,0,0,229
2026-09-18,Dinner,Roti,199,178,4.52,28.4,0,0,229
2026-09-18,Dinner,Vegetable Curry,137,119,3.95,28.4,0,0,229
2026-09-18,Dinner,Chicken Curry,110,96,1.78,28.4,0,0,229
2026-09-19,Lunch,Rice,57,51,1.2,22.6,0,1,61
2026-09-19,Lunch,Dal,52,46,1.92,22.6,0,1,61
2026-09-19,Lunch,Roti,41,39,0.15,22.6,0,1,61
2026-09-19,Lunch,Vegetable Curry,45,39,1.37,22.6,0,1,61
2026-09-19,Lunch,Chicken Curry,30,28,0.56,22.6,0,1,61
2026-09-19,Dinner,Rice,54,48,0.79,22.6,0,1,61
2026-09-19,Dinner,Dal,41,38,0.87,22.6,0,1,61
2026-09-19,Dinner,Roti,48,44,1.07,22.6,0,1,61
2026-09-19,Dinner,Vegetable Curry,36,32,0.12,22.6,0,1,61
2026-09-19,Dinner,Chicken Curry,32,29,0.17,22.6,0,1,61
2026-09-20,Lunch,Rice,55,47,1.84,26.8,0,0,48
2026-09-20,Lunch,Dal,41,36,1.8,26.8,0,0,48
2026-09-20,Lunch,Roti,37,35,0.0,26.8,0,0,48
2026-09-20,Lunch,Vegetable Curry,26,25,0.57,26.8,0,0,48
2026-09-20,Lunch,Chicken Curry,29,26,1.06,26.8,0,0,48
2026-09-20,Dinner,Rice,45,41,1.01,26.8,0,0,48
2026-09-20,Dinner,Dal,41,37,0.65,26.8,0,0,48
2026-09-20,Dinner,Roti,29,28,0.5,26.8,0,0,48
2026-09-20,Dinner,Vegetable Curry,25,24,0.0,26.8,0,0,48
2026-09-20,Dinner,Chicken Curry,27,24,0.82,26.8,0,0,48
2026-09-21,Lunch,Rice,191,170,4.47,34.4,0,0,207
2026-09-21,Lunch,Dal,208,182,5.08,34.4,0,0,207
2026-09-21,Lunch,Roti,148,130,3.64,34.4,0,0,207
2026-09-21,Lunch,Vegetable Curry,128,120,1.21,34.4,0,0,207
2026-09-21,Lunch,Chicken Curry,103,93,2.33,34.4,0,0,207
2026-09-21,Dinner,Rice,206,183,4.69,34.4,0,0,207
2026-09-21,Dinner,Dal,187,160,5.37,34.4,0,0,207
2026-09-21,Dinner,Roti,163,144,3.42,34.4,0,0,207
2026-09-21,Dinner,Vegetable Curry,154,142,2.9,34.4,0,0,207
2026-09-21,Dinner,Chicken Curry,136,116,4.07,34.4,0,0,207
2026-09-22,Lunch,Rice,172,146,5.1,30.5,0,0,187
2026-09-22,Lunch,Dal,157,148,2.31,30.5,0,0,187
2026-09-22,Lunch,Roti,174,147,5.17,30.5,0,0,187
2026-09-22,Lunch,Vegetable Curry,123,109,3.27,30.5,0,0,187
2026-09-22,Lunch,Chicken Curry,96,87,1.91,30.5,0,0,187
2026-09-22,Dinner,Rice,195,163,7.07,30.5,0,0,187
2026-09-22,Dinner,Dal,131,121,2.31,30.5,0,0,187
2026-09-22,Dinner,Roti,120,114,0.46,30.5,0,0,187
2026-09-22,Dinner,Vegetable Curry,121,105,2.1,30.5,0,0,187
2026-09-22,Dinner,Chicken Curry,110,105,1.48,30.5,0,0,187
2026-09-23,Lunch,Rice,213,189,5.13,24.0,0,0,199
2026-09-23,Lunch,Dal,210,181,6.01,24.0,0,0,199
2026-09-23,Lunch,Roti,149,140,2.51,24.0,0,0,199
2026-09-23,Lunch,Vegetable Curry,153,132,4.96,24.0,0,0,199
2026-09-23,Lunch,Chicken Curry,112,95,3.16,24.0,0,0,199
2026-09-23,Dinner,Rice,215,185,6.11,24.0,0,0,199
2026-09-23,Dinner,Dal,220,186,7.34,24.0,0,0,199
2026-09-23,Dinner,Roti,177,165,2.95,24.0,0,0,199
2026-09-23,Dinner,Vegetable Curry,153,141,2.29,24.0,0,0,199
2026-09-23,Dinner,Chicken Curry,101,93,1.1,24.0,0,0,199
2026-09-24,Lunch,Rice,208,178,6.76,25.1,0,0,218
2026-09-24,Lunch,Dal,210,193,3.7,25.1,0,0,218
2026-09-24,Lunch,Roti,160,135,5.45,25.1,0,0,218
2026-09-24,Lunch,Vegetable Curry,122,112,2.55,25.1,0,0,218
2026-09-24,Lunch,Chicken Curry,124,115,1.33,25.1,0,0,218
2026-09-24,Dinner,Rice,190,166,5.11,25.1,0,0,218
2026-09-24,Dinner,Dal,214,184,6.31,25.1,0,0,218
2026-09-24,Dinner,Roti,153,138,3.72,25.1,0,0,218
2026-09-24,Dinner,Vegetable Curry,142,135,0.62,25.1,0,0,218
2026-09-24,Dinner,Chicken Curry,112,95,3.98,25.1,0,0,218
2026-09-25,Lunch,Rice,205,194,1.43,26.7,0,0,206
2026-09-25,Lunch,Dal,214,183,5.79,26.7,0,0,206
2026-09-25,Lunch,Roti,135,129,1.08,26.7,0,0,206
2026-09-25,Lunch,Vegetable Curry,156,138,3.3,26.7,0,0,206
2026-09-25,Lunch,Chicken Curry,123,114,1.14,26.7,0,0,206
2026-09-25,Dinner,Rice,221,210,2.51,26.7,0,0,206
2026-09-25,Dinner,Dal,194,171,5.15,26.7,0,0,206
2026-09-25,Dinner,Roti,179,158,4.37,26.7,0,0,206
2026-09-25,Dinner,Vegetable Curry,145,125,4.01,26.7,0,0,206
2026-09-25,Dinner,Chicken Curry,134,121,2.35,26.7,0,0,206
2026-09-26,Lunch,Rice,49,44,1.28,28.5,0,0,50
2026-09-26,Lunch,Dal,47,42,1.44,28.5,0,0,50
2026-09-26,Lunch,Roti,39,34,0.67,28.5,0,0,50
2026-09-26,Lunch,Vegetable Curry,30,26,1.54,28.5,0,0,50
2026-09-26,Lunch,Chicken Curry,28,25,0.0,28.5,0,0,50
2026-09-26,Dinner,Rice,53,49,1.47,28.5,0,0,50
2026-09-26,Dinner,Dal,46,41,0.49,28.5,0,0,50
2026-09-26,Dinner,Roti,40,36,0.36,28.5,0,0,50
2026-09-26,Dinner,Vegetable Curry,34,32,0.64,28.5,0,0,50
2026-09-26,Dinner,Chicken Curry,32,28,1.23,28.5,0,0,50
2026-09-27,Lunch,Rice,36,34,0.25,25.2,0,0,52
2026-09-27,Lunch,Dal,40,34,1.47,25.2,0,0,52
2026-09-27,Lunch,Roti,46,42,1.59,25.2,0,0,52
2026-09-27,Lunch,Vegetable Curry,31,28,0.53,25.2,0,0,52
2026-09-27,Lunch,Chicken Curry,27,23,1.11,25.2,0,0,52
2026-09-27,Dinner,Rice,53,46,1.51,25.2,0,0,52
2026-09-27,Dinner,Dal,53,45,1.28,25.2,0,0,52
2026-09-27,Dinner,Roti,41,37,0.84,25.2,0,0,52
2026-09-27,Dinner,Vegetable Curry,34,29,0.9,25.2,0,0,52
2026-09-27,Dinner,Chicken Curry,30,26,0.95,25.2,0,0,52
2026-09-28,Lunch,Rice,154,144,1.86,24.1,0,0,169
2026-09-28,Lunch,Dal,131,112,3.57,24.1,0,0,169
2026-09-28,Lunch,Roti,112,104,1.08,24.1,0,0,169
2026-09-28,Lunch,Vegetable Curry,107,97,1.71,24.1,0,0,169
2026-09-28,Lunch,Chicken Curry,86,80,1.29,24.1,0,0,169
2026-09-28,Dinner,Rice,160,146,2.97,24.1,0,0,169
2026-09-28,Dinner,Dal,146,134,1.98,24.1,0,0,169
2026-09-28,Dinner,Roti,143,134,1.94,24.1,0,0,169
2026-09-28,Dinner,Vegetable Curry,110,103,2.75,24.1,0,0,169
2026-09-28,Dinner,Chicken Curry,80,72,1.99,24.1,0,0,169
